TTC Lidar,TTC Camera
12.5156,12.3917,
12.6142,14.646,
14.091,13.2294,
16.6894,14.1141,
15.9082,16.598,
12.6787,13.9616,
11.9844,15.4755,
13.1241,13.7661,
13.0241,14.0783,
11.1746,11.7553,
12.8086,12.2205,
8.95978,11.1784,
9.96439,10.8611,
9.59863,10.4743,
8.57352,9.94151,
9.51617,10.0291,
9.54658,9.02048,
8.3988,8.9967,
