TTC Lidar,TTC Camera
12.5156,12.9115,
12.6142,13.7943,
14.091,13.8888,
16.6894,14.6115,
15.9082,14.7461,
12.6787,14.8704,
11.9844,16.3814,
13.1241,14.0328,
13.0241,14.5222,
11.1746,11.9035,
12.8086,12.6523,
8.95978,10.7585,
9.96439,10.3211,
9.59863,9.70358,
8.57352,9.78819,
9.51617,10.1785,
9.54658,9.63517,
8.3988,9.10764,
