TTC Lidar,TTC Camera
12.5156,12.4673,
12.6142,14.0347,
14.091,13.4586,
16.6894,13.8561,
15.9082,14.8955,
12.6787,13.5111,
11.9844,15.8707,
13.1241,13.8598,
13.0241,12.4621,
11.1746,11.9817,
12.8086,11.9622,
8.95978,10.3747,
9.96439,10.876,
9.59863,11.7082,
8.57352,10.9827,
9.51617,10.8492,
9.54658,9.34065,
8.3988,8.47622,
