TTC Lidar,TTC Camera
12.5156,11.9982,
12.6142,14.4177,
14.091,14.362,
16.6894,14.8625,
15.9082,15.1838,
12.6787,15.3406,
11.9844,16.4933,
13.1241,13.2656,
13.0241,13.5469,
11.1746,11.9253,
12.8086,12.1624,
8.95978,10.5013,
9.96439,10.9929,
9.59863,9.52434,
8.57352,9.51807,
9.51617,9.73936,
9.54658,9.73913,
8.3988,9.13404,
