TTC Lidar,TTC Camera
12.5156,12.1044,
12.6142,14.1102,
14.091,12.877,
16.6894,14.0162,
15.9082,15.1593,
12.6787,13.7623,
11.9844,15.1771,
13.1241,14.1023,
13.0241,13.7975,
11.1746,11.6151,
12.8086,12.2031,
8.95978,11.1801,
9.96439,10.837,
9.59863,10.4786,
8.57352,10.0101,
9.51617,9.72415,
9.54658,9.21884,
8.3988,9.00451,
