TTC Lidar,TTC Camera
12.5156,12.5832,
12.6142,14.8953,
14.091,13.5944,
16.6894,14.1513,
15.9082,15.4028,
12.6787,12.8068,
11.9844,16.0513,
13.1241,14.4213,
13.0241,14.006,
11.1746,11.8933,
12.8086,12.8704,
8.95978,10.2251,
9.96439,10.2528,
9.59863,10.4786,
8.57352,9.25157,
9.51617,10.0024,
9.54658,9.63699,
8.3988,9.18684,
