TTC Lidar,TTC Camera
12.5156,13.2775,
12.6142,21.2582,
14.091,12.8237,
16.6894,15.0627,
15.9082,30.7601,
12.6787,14.8626,
11.9844,17.0509,
13.1241,16.1681,
13.0241,15.7997,
11.1746,12.5076,
12.8086,12.6479,
8.95978,12.2816,
9.96439,11.8439,
9.59863,11.5114,
8.57352,13.622,
9.51617,10.2978,
9.54658,9.73502,
8.3988,9.90522,
