TTC Lidar,TTC Camera
12.5156,12.404,
12.6142,21.2701,
14.091,15.9447,
16.6894,15.1036,
15.9082,20.2973,
12.6787,32.9407,
11.9844,14.203,
13.1241,14.5124,
13.0241,14.8543,
11.1746,11.6525,
12.8086,11.5656,
8.95978,13.1406,
9.96439,10.769,
9.59863,12.9851,
8.57352,12.1858,
9.51617,11.6833,
9.54658,8.72506,
8.3988,12.3655,
