TTC Lidar,TTC Camera
12.5156,12.9834,
12.6142,16.1568,
14.091,16.7055,
16.6894,13.1981,
15.9082,26.358,
12.6787,14.2421,
11.9844,14.7814,
13.1241,16.15,
13.0241,17.6798,
11.1746,14.9239,
12.8086,14.8177,
8.95978,11.6999,
9.96439,13.0199,
9.59863,10.7272,
8.57352,14.3745,
9.51617,10.8982,
9.54658,10.2467,
8.3988,11.9679,
