TTC Lidar,TTC Camera
12.5156,11.9632,
12.6142,22.6413,
14.091,14.5255,
16.6894,16.3046,
15.9082,27.6679,
12.6787,14.6337,
11.9844,15.5437,
13.1241,18.0417,
13.0241,14.7708,
11.1746,12.4125,
12.8086,12.0802,
8.95978,11.2959,
9.96439,12.6239,
9.59863,11.3519,
8.57352,13.3109,
9.51617,11.0861,
9.54658,10.1494,
8.3988,12.3893,
