TTC Lidar,TTC Camera
12.5156,12.0531,
12.6142,11.0789,
14.091,22.5166,
16.6894,12.5139,
15.9082,17.6354,
12.6787,12.6299,
11.9844,13.0534,
13.1241,12.8337,
13.0241,12.3176,
11.1746,12.4284,
12.8086,12.502,
8.95978,11.3317,
9.96439,12.1502,
9.59863,11.2868,
8.57352,9.9054,
9.51617,11.5658,
9.54658,7.74131,
8.3988,11.266,
