TTC Lidar,TTC Camera
12.5156,12.2019,
12.6142,12.5301,
14.091,13.7952,
16.6894,12.6295,
15.9082,10.9622,
12.6787,12.0874,
11.9844,12.0868,
13.1241,11.8531,
13.0241,13.524,
11.1746,12.9633,
12.8086,12.4886,
8.95978,12.7213,
9.96439,11.5634,
9.59863,12.0067,
8.57352,9.90027,
9.51617,11.5344,
9.54658,10.68,
8.3988,11.4777,
