TTC Lidar,TTC Camera
12.5156,11.6858,
12.6142,12.3375,
14.091,14.3463,
16.6894,12.6321,
15.9082,32.2568,
12.6787,14.1903,
11.9844,12.9291,
13.1241,11.5921,
13.0241,13.2766,
11.1746,13.5673,
12.8086,12.064,
8.95978,12.4289,
9.96439,12.0976,
9.59863,11.92,
8.57352,11.1184,
9.51617,12.5036,
9.54658,10.6722,
8.3988,12.1504,
