TTC Lidar,TTC Camera
12.5156,9.9461,
12.6142,12.1233,
14.091,16.9876,
16.6894,12.9853,
15.9082,20.4364,
12.6787,12.5064,
11.9844,11.7977,
13.1241,12.1066,
13.0241,12.5127,
11.1746,13.0345,
12.8086,14.1613,
8.95978,12.5574,
9.96439,11.4035,
9.59863,11.488,
8.57352,11.6695,
9.51617,11.8032,
9.54658,10.6163,
8.3988,11.4777,
