TTC Lidar,TTC Camera
12.5156,11.1199,
12.6142,11.94,
14.091,14.2092,
16.6894,12.3642,
15.9082,17.4789,
12.6787,12.7186,
11.9844,12.4204,
13.1241,11.9623,
13.0241,12.7378,
11.1746,12.0224,
12.8086,12.0155,
8.95978,10.8105,
9.96439,11.4314,
9.59863,10.2477,
8.57352,11.0026,
9.51617,12.4249,
9.54658,7.87485,
8.3988,12.2182,
