TTC Lidar,TTC Camera
12.5156,nan,
12.6142,-inf,
14.091,10.7715,
16.6894,44.9166,
15.9082,12.1309,
12.6787,12.4947,
11.9844,12.2282,
13.1241,10.9688,
13.0241,10.8502,
11.1746,-inf,
12.8086,11.1055,
8.95978,11.1055,
9.96439,11.191,
9.59863,11.4218,
8.57352,11.5085,
9.51617,11.1588,
9.54658,11.1009,
8.3988,nan,
