TTC Lidar,TTC Camera
12.5156,-inf,
12.6142,-inf,
14.091,12.2064,
16.6894,12.7384,
15.9082,12.7213,
12.6787,-inf,
11.9844,12.8854,
13.1241,38.4683,
13.0241,10.2547,
11.1746,10.378,
12.8086,20.9942,
8.95978,11.8135,
9.96439,11.3783,
9.59863,11.4218,
8.57352,11.9062,
9.51617,9.34572,
9.54658,-inf,
8.3988,23.2858,
