TTC Lidar,TTC Camera
12.5156,nan,
12.6142,-inf,
14.091,12.6393,
16.6894,-inf,
15.9082,12.6875,
12.6787,12.69,
11.9844,13.4569,
13.1241,-inf,
13.0241,22.2287,
11.1746,-inf,
12.8086,11.5104,
8.95978,12.551,
9.96439,11.9426,
9.59863,-inf,
8.57352,11.1055,
9.51617,11.6549,
9.54658,12.6884,
8.3988,12.2131,
