TTC Lidar,TTC Camera
12.5156,nan,
12.6142,-inf,
14.091,11.3069,
16.6894,12.7213,
15.9082,13.2553,
12.6787,11.208,
11.9844,12.6788,
13.1241,12.9486,
13.0241,11.0036,
11.1746,10.3217,
12.8086,11.4054,
8.95978,12.551,
9.96439,11.6948,
9.59863,11.8211,
8.57352,11.7931,
9.51617,11.0967,
9.54658,11.3501,
8.3988,12.1206,
