TTC Lidar,TTC Camera
12.5156,nan,
12.6142,-inf,
14.091,33.5572,
16.6894,-inf,
15.9082,12.69,
12.6787,10.9037,
11.9844,11.3758,
13.1241,15.9174,
13.0241,10.2903,
11.1746,27.2051,
12.8086,18.419,
8.95978,11.0243,
9.96439,11.2036,
9.59863,6.2196,
8.57352,12.6387,
9.51617,11.0539,
9.54658,22.8156,
8.3988,11.0998,
