TTC Lidar,TTC Camera
12.5156,13.0822,
12.6142,13.3982,
14.091,28.2302,
16.6894,22.1695,
15.9082,46.4846,
12.6787,9.19978,
11.9844,10.3581,
13.1241,-inf,
13.0241,140.565,
11.1746,9.43013,
12.8086,19.4803,
8.95978,12.7414,
9.96439,15.9498,
9.59863,13.145,
8.57352,13.1413,
9.51617,10.6994,
9.54658,16.7035,
8.3988,14.4987,
