TTC Lidar,TTC Camera
12.5156,14.8587,
12.6142,11.2451,
14.091,12.3578,
16.6894,11213.5,
15.9082,520.246,
12.6787,24.7222,
11.9844,-inf,
13.1241,10.4477,
13.0241,13.8513,
11.1746,12.7281,
12.8086,10.1214,
8.95978,-inf,
9.96439,7.94456,
9.59863,13.7643,
8.57352,13.6989,
9.51617,8.6586,
9.54658,18.3228,
8.3988,18.5157,
