TTC Lidar,TTC Camera
12.5156,19.4668,
12.6142,13.599,
14.091,12.0855,
16.6894,20.001,
15.9082,538.829,
12.6787,10.8334,
11.9844,12.8717,
13.1241,10.6521,
13.0241,13.1221,
11.1746,14.7536,
12.8086,7.78781,
8.95978,52.7806,
9.96439,11.6895,
9.59863,9.48525,
8.57352,8.72363,
9.51617,11.4315,
9.54658,17.2956,
8.3988,25.6678,
