TTC Lidar,TTC Camera
12.5156,12.0569,
12.6142,12.2395,
14.091,11.0246,
16.6894,10.781,
15.9082,-inf,
12.6787,11.1136,
11.9844,-inf,
13.1241,8.95665,
13.0241,13.47,
11.1746,-inf,
12.8086,5.96008,
8.95978,14.9136,
9.96439,6.3262,
9.59863,54.268,
8.57352,8.68208,
9.51617,5.84354,
9.54658,11.3219,
8.3988,4.71741,
