TTC Lidar,TTC Camera
12.5156,15.0326,
12.6142,11.6187,
14.091,26.0815,
16.6894,35.3418,
15.9082,29.0177,
12.6787,-inf,
11.9844,-inf,
13.1241,9.18716,
13.0241,-inf,
11.1746,15.2808,
12.8086,9.19185,
8.95978,-inf,
9.96439,13.0111,
9.59863,11.4024,
8.57352,25.0247,
9.51617,16.6123,
9.54658,18.3228,
8.3988,36.3076,
