TTC Lidar,TTC Camera
12.5156,12.8228,
12.6142,12.6968,
14.091,14.4793,
16.6894,12.7779,
15.9082,12.2694,
12.6787,14.0207,
11.9844,12.7924,
13.1241,13.2285,
13.0241,11.7376,
11.1746,12.0439,
12.8086,10.9042,
8.95978,11.8481,
9.96439,13.0323,
9.59863,11.8438,
8.57352,9.94433,
9.51617,10.6857,
9.54658,11.3134,
8.3988,10.6426,
