TTC Lidar,TTC Camera
12.5156,12.7196,
12.6142,12.5959,
14.091,12.6506,
16.6894,11.6697,
15.9082,12.3305,
12.6787,13.7533,
11.9844,13.5316,
13.1241,11.376,
13.0241,12.3292,
11.1746,12.6285,
12.8086,11.0809,
8.95978,12.7096,
9.96439,12.5595,
9.59863,12.1365,
8.57352,11.2932,
9.51617,9.94887,
9.54658,11.3035,
8.3988,7.34604,
