TTC Lidar,TTC Camera
12.5156,14.2952,
12.6142,12.9876,
14.091,10.1673,
16.6894,11.5009,
15.9082,12.3552,
12.6787,13.6508,
11.9844,13.4924,
13.1241,12.5881,
13.0241,11.7069,
11.1746,13.4042,
12.8086,11.4293,
8.95978,11.2447,
9.96439,12.4169,
9.59863,12.7067,
8.57352,11.9757,
9.51617,12.1502,
9.54658,10.7263,
8.3988,8.38114,
