TTC Lidar,TTC Camera
12.5156,13.6697,
12.6142,12.3332,
14.091,12.1,
16.6894,12.3378,
15.9082,13.2826,
12.6787,13.9909,
11.9844,12.4368,
13.1241,13.4207,
13.0241,10.5794,
11.1746,12.7353,
12.8086,11.0976,
8.95978,11.6118,
9.96439,12.3243,
9.59863,11.2972,
8.57352,9.63708,
9.51617,12.6787,
9.54658,10.321,
8.3988,8.26497,
