TTC Lidar,TTC Camera
12.5156,14.2804,
12.6142,12.9004,
14.091,11.6087,
16.6894,12.9209,
15.9082,12.1886,
12.6787,13.0553,
11.9844,12.6612,
13.1241,12.1376,
13.0241,11.9899,
11.1746,13.3599,
12.8086,12.1076,
8.95978,11.6524,
9.96439,11.6227,
9.59863,10.9335,
8.57352,12.5287,
9.51617,10.68,
9.54658,10.7884,
8.3988,9.52513,
