TTC Lidar,TTC Camera
12.5156,11.7937,
12.6142,13.6957,
14.091,13.6748,
16.6894,20.5567,
15.9082,15.5412,
12.6787,9.94747,
11.9844,15.7147,
13.1241,15.2154,
13.0241,13.1373,
11.1746,11.3858,
12.8086,12.9654,
8.95978,10.3338,
9.96439,10.0226,
9.59863,9.17013,
8.57352,9.42478,
9.51617,9.0902,
9.54658,9.46449,
8.3988,9.36821,
