TTC Lidar,TTC Camera
12.5156,12.4585,
12.6142,12.9049,
14.091,14.2104,
16.6894,18.4799,
15.9082,15.7341,
12.6787,11.7209,
11.9844,14.8627,
13.1241,14.4876,
13.0241,13.2743,
11.1746,11.4383,
12.8086,14.3716,
8.95978,10.6798,
9.96439,9.29214,
9.59863,10.9614,
8.57352,9.46445,
9.51617,8.5209,
9.54658,9.47992,
8.3988,11.6288,
