TTC Lidar,TTC Camera
12.5156,12.0024,
12.6142,14.2166,
14.091,15.3641,
16.6894,22.2997,
15.9082,15.0724,
12.6787,12.6016,
11.9844,14.9097,
13.1241,15.8067,
13.0241,12.1098,
11.1746,11.2532,
12.8086,11.9292,
8.95978,11.433,
9.96439,9.28732,
9.59863,10.2186,
8.57352,9.28972,
9.51617,8.65332,
9.54658,8.96261,
8.3988,9.4282,
