TTC Lidar,TTC Camera
12.5156,11.3868,
12.6142,12.5726,
14.091,12.9422,
16.6894,18.8184,
15.9082,12.4784,
12.6787,11.2969,
11.9844,13.5735,
13.1241,14.6937,
13.0241,12.9662,
11.1746,10.5698,
12.8086,11.2887,
8.95978,11.0189,
9.96439,9.24828,
9.59863,10.5754,
8.57352,9.77464,
9.51617,9.05267,
9.54658,8.69186,
8.3988,8.9237,
